304 Kulturní politika	1 Antropologie, etnografie	304 Kulturní politika
316.7 Sociologie kultury. Kulturní život	1 Antropologie, etnografie	316.7 Sociologie kultury. Kulturní život
39 Kulturní antropologie. Etnologie. Etnografie	1 Antropologie, etnografie	39 Kulturní antropologie. Etnologie. Etnografie
391 Oděv, móda, ozdoby	1 Antropologie, etnografie	39 Kulturní antropologie. Etnologie. Etnografie
392 Zvyky, mravy, obyčeje v soukromém životě	1 Antropologie, etnografie	39 Kulturní antropologie. Etnologie. Etnografie
393 Smrt. Pohřby. Obyčeje při úmrtí	1 Antropologie, etnografie	39 Kulturní antropologie. Etnologie. Etnografie
394 Veřejný a společenský život. Každodenní život	1 Antropologie, etnografie	39 Kulturní antropologie. Etnologie. Etnografie
395 Společenské chování. Etiketa	1 Antropologie, etnografie	39 Kulturní antropologie. Etnologie. Etnografie
398 Folklor. Lidové tradice	1 Antropologie, etnografie	39 Kulturní antropologie. Etnologie. Etnografie
572 Fyzická antropologie	1 Antropologie, etnografie	572 Fyzická antropologie
599.89 Hominidae. Hominidi lidé	1 Antropologie, etnografie	39 Kulturní antropologie. Etnologie. Etnografie
Životní prostředí, znečištění, ochrana	2 Biologické vědy	Životní prostředí, znečištění, ochrana
502 Životní prostředí a jeho ochrana	2 Biologické vědy	Životní prostředí, znečištění, ochrana
504 Znečištění a poškození životního prostředí	2 Biologické vědy	Životní prostředí, znečištění, ochrana
57 Biologie	2 Biologické vědy	57 Biologie
57 Obecná biologie	2 Biologické vědy	57 Biologie
57/59 Biologické vědy	2 Biologické vědy	57 Biologie
574 Obecná ekologie	2 Biologické vědy	57 Biologie
575 Obecná genetika. Obecná cytogenetika. Evoluce	2 Biologické vědy	57 Biologie
576 Buněčná biologie. Cytologie	2 Biologické vědy	57 Biologie
577 Biochemie. Molekulární biologie. Biofyzika	2 Biologické vědy	57 Biologie
579 Mikrobiologie	2 Biologické vědy	579 Mikrobiologie
578 Virologie	2 Biologické vědy	578 Virologie
58 Botanika	2 Biologické vědy	58 Botanika
581 Obecná botanika	2 Biologické vědy	58 Botanika
59 Zoologie	2 Biologické vědy	59 Zoologie
591 Obecná zoologie	2 Biologické vědy	59 Zoologie
791 Film. Cirkus. Lidová zábava	3 Divadlo, film, tanec	791 Film. Cirkus. Lidová zábava
792 Divadlo. Divadelní představení	3 Divadlo, film, tanec	792 Divadlo. Divadelní představení
791/793 Divadlo, film, tanec (obecně)	3 Divadlo, film, tanec	792 Divadlo. Divadelní představení
793.3 Pohybové umění. Tanec	3 Divadlo, film, tanec	793.3 Pohybové umění. Tanec
793.8 Zábavná magie	3 Divadlo, film, tanec	793.8 Zábavná magie
003.05 Psaní a stenografie	4 Ekonomické vědy, obchod	003.05 Psaní a stenografie
005 Management. Řízení	4 Ekonomické vědy, obchod	005 Management. Řízení
005.91/.92 Vedení úřadu (kanceláře). Spisová služba	4 Ekonomické vědy, obchod	005 Management. Řízení
005.91:82-6 Úřední korespondence	4 Ekonomické vědy, obchod	005 Management. Řízení
658 Řízení a správa podniku	4 Ekonomické vědy, obchod	005 Management. Řízení
311 Statistika	4 Ekonomické vědy, obchod	311 Statistika
33 Ekonomie	4 Ekonomické vědy, obchod	33 Ekonomie
330.5+338 Národní hospodářství a hospodářská politika	4 Ekonomické vědy, obchod	33 Ekonomie
330.8 Ekonomické teorie, doktríny, směry	4 Ekonomické vědy, obchod	33 Ekonomie
334 Formy organizace a spolupráce v ekonomice	4 Ekonomické vědy, obchod	33 Ekonomie
331 Práce	4 Ekonomické vědy, obchod	331 Práce
332 Regionální ekonomie, regionální ekonomika	4 Ekonomické vědy, obchod	332 Regionální ekonomie, regionální ekonomika
Finance	4 Ekonomické vědy, obchod	Finance
336.1/.5 Veřejné finance	4 Ekonomické vědy, obchod	Finance
336.7 Finance	4 Ekonomické vědy, obchod	Finance
338.3/.4 Hospodářská a výrobní odvětví	4 Ekonomické vědy, obchod	338.3/.4 Hospodářská a výrobní odvětví
339 Obchod	4 Ekonomické vědy, obchod	339 Obchod
339.3 Vnitřní obchod	4 Ekonomické vědy, obchod	339 Obchod
339.5 Zahraniční obchod. Mezinárodní obchod	4 Ekonomické vědy, obchod	339 Obchod
339.7/.9 Světová ekonomika a mezinárodní finance	4 Ekonomické vědy, obchod	339.7/.9 Světová ekonomika a mezinárodní finance
368 Pojišťovnictví	4 Ekonomické vědy, obchod	368 Pojišťovnictví
654 Telekomunikace a dálkové řízení	4 Ekonomické vědy, obchod	654 Telekomunikace a dálkové řízení
656 Doprava	4 Ekonomické vědy, obchod	656 Doprava
656.1/.5 Pozemní doprava	4 Ekonomické vědy, obchod	656 Doprava
656.2 Železniční doprava	4 Ekonomické vědy, obchod	656 Doprava
656.6/.7 Vodní a letecká doprava	4 Ekonomické vědy, obchod	656 Doprava
656.62 Říční doprava	4 Ekonomické vědy, obchod	656 Doprava
656.8 Poštovní služby a správa	4 Ekonomické vědy, obchod	656.8 Poštovní služby a správa
657 Účetnictví	4 Ekonomické vědy, obchod	657 Účetnictví
659 Reklama. Public relations. Média	4 Ekonomické vědy, obchod	659 Reklama. Public relations. Média
101 Filozofie	5 Filozofie a náboženství	101 Filozofie
13 Filozofie ducha	5 Filozofie a náboženství	101 Filozofie
14 Filozofické systémy a hlediska	5 Filozofie a náboženství	101 Filozofie
14(100)"04/14" Středověká filozofie	5 Filozofie a náboženství	101 Filozofie
14(100-11) Orientální filozofie	5 Filozofie a náboženství	101 Filozofie
14(100-15)"15/20" Moderní západní filozofie	5 Filozofie a náboženství	101 Filozofie
14(3) Antická, starověká filozofie	5 Filozofie a náboženství	101 Filozofie
11 Metafyzika	5 Filozofie a náboženství	11 Metafyzika
122/129 Speciální metafyzika	5 Filozofie a náboženství	11 Metafyzika
16 Logika	5 Filozofie a náboženství	16 Logika
165 Teorie poznání. Epistemologie	5 Filozofie a náboženství	16 Logika
17 Etika. Morální filozofie	5 Filozofie a náboženství	17 Etika. Morální filozofie
2 Náboženství	5 Filozofie a náboženství	2 Náboženství
2-1 Přirozená teologie. Náboženská filozofie	5 Filozofie a náboženství	2 Náboženství
2-23/-27 Bible. Biblistika	5 Filozofie a náboženství	2 Náboženství
2-74 Náboženské právo. Církevní právo	5 Filozofie a náboženství	2 Náboženství
21 Prehistorická a primitivní náboženství	5 Filozofie a náboženství	21 Prehistorická a primitivní náboženství
22/24 Náboženství Dálného východu. Indická náboženství. Hinduismus. Buddhismus	5 Filozofie a náboženství	22/24 Náboženství Dálného východu. Indická náboženství. Hinduismus. Buddhismus
25 Náboženství, mytologie, kulty	5 Filozofie a náboženství	25 Náboženství, mytologie, kulty
26 Judaismus	5 Filozofie a náboženství	26 Judaismus
27 Křesťanství. Křesťanská církev všeobecně. Eklesiologie	5 Filozofie a náboženství	27 Křesťanství. Křesťanská církev všeobecně. Eklesiologie
27-1/-2 Křesťanská teologie. Dogmatická teologie	5 Filozofie a náboženství	27 Křesťanství. Křesťanská církev všeobecně. Eklesiologie
27-4 Praktická teologie. Morální teologie	5 Filozofie a náboženství	27 Křesťanství. Křesťanská církev všeobecně. Eklesiologie
27-46/-48 Pastorální teologie	5 Filozofie a náboženství	27 Křesťanství. Křesťanská církev všeobecně. Eklesiologie
27-5 Liturgie. Křesťanské umění a symbolika. Duchovní život	5 Filozofie a náboženství	27 Křesťanství. Křesťanská církev všeobecně. Eklesiologie
27-78 Křesťanská sdružení, spolky a organizace. Řeholní řády	5 Filozofie a náboženství	27 Křesťanství. Křesťanská církev všeobecně. Eklesiologie
27-9 Dějiny křesťanské církve	5 Filozofie a náboženství	27 Křesťanství. Křesťanská církev všeobecně. Eklesiologie
271/279 Křesťanské církve, sekty, denominace	5 Filozofie a náboženství	27 Křesťanství. Křesťanská církev všeobecně. Eklesiologie
28 Islám	5 Filozofie a náboženství	28 Islám
29 Moderní duchovní hnutí	5 Filozofie a náboženství	29 Moderní duchovní hnutí
006 Metrologie. Standardizace	6 Fyzika a příbuzné vědy	006 Metrologie. Standardizace
006.95 Chronologie	6 Fyzika a příbuzné vědy	006 Metrologie. Standardizace
5 Přírodní vědy. Matematické vědy	6 Fyzika a příbuzné vědy	5 Přírodní vědy. Matematické vědy
52 Astronomie	6 Fyzika a příbuzné vědy	52 Astronomie
520 Astronomické přístroje a metody	6 Fyzika a příbuzné vědy	52 Astronomie
521 Teoretická astronomie. Nebeská mechanika	6 Fyzika a příbuzné vědy	52 Astronomie
523/524 Sluneční soustava. Hvězdy. Vesmír	6 Fyzika a příbuzné vědy	52 Astronomie
523.3 Země	6 Fyzika a příbuzné vědy	52 Astronomie
53 Fyzika	6 Fyzika a příbuzné vědy	53 Fyzika
Mechanika	6 Fyzika a příbuzné vědy	Mechanika
531 Obecná mechanika. Mechanika pevných a tuhých těles	6 Fyzika a příbuzné vědy	Mechanika
532 Mechanika tekutin obecně. Mechanika kapalin	6 Fyzika a příbuzné vědy	Mechanika
533 Mechanika plynů. Aeromechanika. Fyzika plazmatu	6 Fyzika a příbuzné vědy	Mechanika
534 Mechanické kmity. Akustika	6 Fyzika a příbuzné vědy	534 Mechanické kmity. Akustika
535 Optika	6 Fyzika a příbuzné vědy	535 Optika
536 Teplo. Termodynamika	6 Fyzika a příbuzné vědy	536 Teplo. Termodynamika
537 Elektřina	6 Fyzika a příbuzné vědy	537 Elektřina
537.6/.8 Magnetismus. Elektromagnetismus	6 Fyzika a příbuzné vědy	537 Elektřina
539 Fyzikální stavba hmoty. Jaderná fyzika. Molekulární fyzika	6 Fyzika a příbuzné vědy	539 Fyzikální stavba hmoty. Jaderná fyzika. Molekulární fyzika
528 Geodezie. Kartografie	7 Geografie. Geologie. Vědy o Zemi	528 Geodezie. Kartografie
549 Mineralogie	7 Geografie. Geologie. Vědy o Zemi	549 Mineralogie
55 Vědy o Zemi. Geologické vědy	7 Geografie. Geologie. Vědy o Zemi	55 Vědy o Zemi. Geologické vědy
550 Geofyzika. Geochemie. Geobiologie. Užitá geologie	7 Geografie. Geologie. Vědy o Zemi	55 Vědy o Zemi. Geologické vědy
551 Geologie. Meteorologie. Klimatologie	7 Geografie. Geologie. Vědy o Zemi	55 Vědy o Zemi. Geologické vědy
552 Petrologie	7 Geografie. Geologie. Vědy o Zemi	55 Vědy o Zemi. Geologické vědy
553 Ložisková geologie	7 Geografie. Geologie. Vědy o Zemi	55 Vědy o Zemi. Geologické vědy
556 Hydrologie	7 Geografie. Geologie. Vědy o Zemi	55 Vědy o Zemi. Geologické vědy
56 Paleontologie	7 Geografie. Geologie. Vědy o Zemi	56 Paleontologie
91 Geografie jako věda. Výzkum. Cestování	7 Geografie. Geologie. Vědy o Zemi	91 Geografie jako věda. Výzkum. Cestování
911 Obecná geografie. Systematická geografie	7 Geografie. Geologie. Vědy o Zemi	91 Geografie jako věda. Výzkum. Cestování
912 Mapy. Atlasy. Glóby	7 Geografie. Geologie. Vědy o Zemi	912 Mapy. Atlasy. Glóby
912:904 Staré mapy	7 Geografie. Geologie. Vědy o Zemi	912 Mapy. Atlasy. Glóby
912:51 Matematická geografie	7 Geografie. Geologie. Vědy o Zemi	912 Mapy. Atlasy. Glóby
913 Regionální geografie	7 Geografie. Geologie. Vědy o Zemi	913 Regionální geografie
913(3) Geografie starověkého světa	7 Geografie. Geologie. Vědy o Zemi	913(3) Geografie starověkého světa
913(4) Geografie Evropy, reálie, cestování	7 Geografie. Geologie. Vědy o Zemi	913(4) Geografie Evropy, reálie, cestování
913(437) Geografie Česka a Slovenska, reálie, cestování	7 Geografie. Geologie. Vědy o Zemi	913(437) Geografie Česka a Slovenska, reálie, cestování
913(5) Geografie Asie, reálie, cestování	7 Geografie. Geologie. Vědy o Zemi	913(5) Geografie Asie, reálie, cestování
913(6) Geografie Afriky, reálie, cestování	7 Geografie. Geologie. Vědy o Zemi	913(6) Geografie Afriky, reálie, cestování
913(7) Geografie Severní Ameriky, reálie, cestování	7 Geografie. Geologie. Vědy o Zemi	913(7) Geografie Severní Ameriky, reálie, cestování
913(8) Geografie Jižní Ameriky, reálie, cestování	7 Geografie. Geologie. Vědy o Zemi	913(8) Geografie Jižní Ameriky, reálie, cestování
913(9) Geografie Oceánie, polárních oblastí, Austrálie, atd.	7 Geografie. Geologie. Vědy o Zemi	913(9) Geografie Oceánie, polárních oblastí, Austrálie, atd.
913:94 Historická geografie	7 Geografie. Geologie. Vědy o Zemi	913:94 Historická geografie
9 Geografie. Biografické studie. Dějiny	8 Historie a pomocné historické vědy. Biografické studie	9 Geografie. Biografické studie. Dějiny
902 Archeologie	8 Historie a pomocné historické vědy. Biografické studie	902 Archeologie
903 Pravěk	8 Historie a pomocné historické vědy. Biografické studie	903 Pravěk
904 Kulturní památky historického období obecně	8 Historie a pomocné historické vědy. Biografické studie	904 Kulturní památky historického období obecně
908 Studium oblastí a lokalit obecně	8 Historie a pomocné historické vědy. Biografické studie	908 Studium oblastí a lokalit obecně
908(437) Vlastivěda Česka a Slovenska	8 Historie a pomocné historické vědy. Biografické studie	908(437) Vlastivěda Česka a Slovenska
929 Biografie	8 Historie a pomocné historické vědy. Biografické studie	929 Biografie
929.5/.9 Genealogie. Heraldika. Šlechta. Vlajky	8 Historie a pomocné historické vědy. Biografické studie	929.5/.9 Genealogie. Heraldika. Šlechta. Vlajky
93/94 Dějiny (obecně)	8 Historie a pomocné historické vědy. Biografické studie	93/94 Dějiny (obecně)
94(100) Světové dějiny	8 Historie a pomocné historické vědy. Biografické studie	93/94 Dějiny (obecně)
94(100)"04/..." Dějiny středověku a novověku (obecně)	8 Historie a pomocné historické vědy. Biografické studie	93/94 Dějiny (obecně)
930 Historická věda. Pomocné vědy historické. Archivnictví	8 Historie a pomocné historické vědy. Biografické studie	930 Historická věda. Pomocné vědy historické. Archivnictví
930.85 Dějiny civilizace. Kulturní dějiny	8 Historie a pomocné historické vědy. Biografické studie	930.85 Dějiny civilizace. Kulturní dějiny
94(3) Dějiny zemí starověkého světa	8 Historie a pomocné historické vědy. Biografické studie	94(3) Dějiny zemí starověkého světa
94(4) Dějiny Evropy	8 Historie a pomocné historické vědy. Biografické studie	94(4) Dějiny Evropy
94(41) Dějiny britských ostrovů	8 Historie a pomocné historické vědy. Biografické studie	94(4) Dějiny Evropy
94(420/429) Dějiny Anglie a Walesu	8 Historie a pomocné historické vědy. Biografické studie	94(4) Dějiny Evropy
94(430/439) Dějiny zemí střední Evropy	8 Historie a pomocné historické vědy. Biografické studie	94(4) Dějiny Evropy
94(44/449.49) Dějiny Francie a Monaka	8 Historie a pomocné historické vědy. Biografické studie	94(4) Dějiny Evropy
94(450/458.2) Dějiny Itálie a italských ostrovů, San Marina, Vatikánu a Malty94(46) Dějiny států a území na Pyrenejském poloostrově	8 Historie a pomocné historické vědy. Biografické studie	94(4) Dějiny Evropy
94(47) Dějiny zemí východní Evropy	8 Historie a pomocné historické vědy. Biografické studie	94(4) Dějiny Evropy
94(48) Dějiny skandinávských zemí	8 Historie a pomocné historické vědy. Biografické studie	94(4) Dějiny Evropy
94(491.1/494.9) Dějiny ostatních evropských států	8 Historie a pomocné historické vědy. Biografické studie	94(4) Dějiny Evropy
94(495/498) Dějiny států a území na Balkánském poloostrově	8 Historie a pomocné historické vědy. Biografické studie	94(4) Dějiny Evropy
94(437) Dějiny Česka a Slovenska	8 Historie a pomocné historické vědy. Biografické studie	94(437) Dějiny Česka a Slovenska
94(5) Dějiny Asie. Orient	8 Historie a pomocné historické vědy. Biografické studie	94(5) Dějiny Asie. Orient
94(510/519) Dějiny Číny, Mongolska a Koreje	8 Historie a pomocné historické vědy. Biografické studie	94(5) Dějiny Asie. Orient
94(520) Dějiny Japonska	8 Historie a pomocné historické vědy. Biografické studie	94(5) Dějiny Asie. Orient
94(53) Dějiny států a území na Arabském poloostrově	8 Historie a pomocné historické vědy. Biografické studie	94(5) Dějiny Asie. Orient
94(54) Dějiny států indického subkontinentu	8 Historie a pomocné historické vědy. Biografické studie	94(5) Dějiny Asie. Orient
94(55) Dějiny Íránu	8 Historie a pomocné historické vědy. Biografické studie	94(5) Dějiny Asie. Orient
94(560/569.5) Dějiny států západní Asie. Blízký východ	8 Historie a pomocné historické vědy. Biografické studie	94(5) Dějiny Asie. Orient
94(574/575.4) Dějiny států Střední Asie	8 Historie a pomocné historické vědy. Biografické studie	94(5) Dějiny Asie. Orient
94(581) Dějiny Afghánistánu	8 Historie a pomocné historické vědy. Biografické studie	94(5) Dějiny Asie. Orient
94(59) Dějiny států jihovýchodní Asie	8 Historie a pomocné historické vědy. Biografické studie	94(5) Dějiny Asie. Orient
94(6) Dějiny Afriky	8 Historie a pomocné historické vědy. Biografické studie	94(6) Dějiny Afriky
94(61) Dějiny Tunisu a Libye	8 Historie a pomocné historické vědy. Biografické studie	94(6) Dějiny Afriky
94(62) Dějiny Egypta a Súdánu	8 Historie a pomocné historické vědy. Biografické studie	94(6) Dějiny Afriky
94(63) Dějiny Etiopie a Eritreje	8 Historie a pomocné historické vědy. Biografické studie	94(6) Dějiny Afriky
94(64) Dějiny států a území severozápadní Afriky a přilehlých ostrovů	8 Historie a pomocné historické vědy. Biografické studie	94(6) Dějiny Afriky
94(65) Dějiny Alžírska	8 Historie a pomocné historické vědy. Biografické studie	94(6) Dějiny Afriky
94(66/67) Dějiny Afriky na jih od Sahary a států/území západní Afriky a přilehlých ostrovů	8 Historie a pomocné historické vědy. Biografické studie	94(6) Dějiny Afriky
94(671/679) Dějiny států a území střední Afriky a přilehlých ostrovů. Rovníková Afrika	8 Historie a pomocné historické vědy. Biografické studie	94(6) Dějiny Afriky
94(680/689.7) Dějiny států a území jižní Afriky	8 Historie a pomocné historické vědy. Biografické studie	94(6) Dějiny Afriky
94(69) Dějiny afrických ostrovů v Indickém a jižním Atlantském oceánu	8 Historie a pomocné historické vědy. Biografické studie	94(6) Dějiny Afriky
94(7) Dějiny Severní a Střední Ameriky	8 Historie a pomocné historické vědy. Biografické studie	94(7) Dějiny Severní a Střední Ameriky
94(71) Dějiny Kanady	8 Historie a pomocné historické vědy. Biografické studie	94(7) Dějiny Severní a Střední Ameriky
94(72) Dějiny Střední Ameriky a Karibské oblasti	8 Historie a pomocné historické vědy. Biografické studie	94(7) Dějiny Severní a Střední Ameriky
94(73) Dějiny Spojených států amerických	8 Historie a pomocné historické vědy. Biografické studie	94(7) Dějiny Severní a Střední Ameriky
94(734) Dějiny severovýchodních států USA	8 Historie a pomocné historické vědy. Biografické studie	94(7) Dějiny Severní a Střední Ameriky
94(735) Dějiny jihovýchodních států USA	8 Historie a pomocné historické vědy. Biografické studie	94(7) Dějiny Severní a Střední Ameriky
94(736) Dějiny států jižní části středních USA	8 Historie a pomocné historické vědy. Biografické studie	94(7) Dějiny Severní a Střední Ameriky
94(737) Dějiny států severní části středních USA	8 Historie a pomocné historické vědy. Biografické studie	94(7) Dějiny Severní a Střední Ameriky
94(738) Dějiny západních států USA	8 Historie a pomocné historické vědy. Biografické studie	94(7) Dějiny Severní a Střední Ameriky
94(739) Dějiny států na tichomořském pobřeží USA	8 Historie a pomocné historické vědy. Biografické studie	94(7) Dějiny Severní a Střední Ameriky
94(8) Dějiny Jižní Ameriky. Latinská Amerika	8 Historie a pomocné historické vědy. Biografické studie	94(8) Dějiny Jižní Ameriky. Latinská Amerika
94(81) Dějiny Brazílie	8 Historie a pomocné historické vědy. Biografické studie	94(8) Dějiny Jižní Ameriky. Latinská Amerika
94(82) Dějiny Argentiny	8 Historie a pomocné historické vědy. Biografické studie	94(8) Dějiny Jižní Ameriky. Latinská Amerika
94(83) Dějiny Chile	8 Historie a pomocné historické vědy. Biografické studie	94(8) Dějiny Jižní Ameriky. Latinská Amerika
94(84) Dějiny Bolívie	8 Historie a pomocné historické vědy. Biografické studie	94(8) Dějiny Jižní Ameriky. Latinská Amerika
94(85) Dějiny Peru	8 Historie a pomocné historické vědy. Biografické studie	94(8) Dějiny Jižní Ameriky. Latinská Amerika
94(861/866) Dějiny Kolumbie a Ekvádoru	8 Historie a pomocné historické vědy. Biografické studie	94(8) Dějiny Jižní Ameriky. Latinská Amerika
94(87) Dějiny Venezuely	8 Historie a pomocné historické vědy. Biografické studie	94(8) Dějiny Jižní Ameriky. Latinská Amerika
94(88) Dějiny Guayany a Surinamu	8 Historie a pomocné historické vědy. Biografické studie	94(8) Dějiny Jižní Ameriky. Latinská Amerika
94(892/899) Dějiny Paraguaye a Uruguaye	8 Historie a pomocné historické vědy. Biografické studie	94(8) Dějiny Jižní Ameriky. Latinská Amerika
94(9) Dějiny Oceánie, Austrálie, Arktidy a Antarktidy	8 Historie a pomocné historické vědy. Biografické studie	94(9) Dějiny Oceánie, Austrálie, Arktidy a Antarktidy
94(931) Dějiny Nového Zélandu	8 Historie a pomocné historické vědy. Biografické studie	94(9) Dějiny Oceánie, Austrálie, Arktidy a Antarktidy
94(932/935) Dějiny států a oblastí Melanésie	8 Historie a pomocné historické vědy. Biografické studie	94(9) Dějiny Oceánie, Austrálie, Arktidy a Antarktidy
94(94) Dějiny Austrálie	8 Historie a pomocné historické vědy. Biografické studie	94(9) Dějiny Oceánie, Austrálie, Arktidy a Antarktidy
94(954) Dějiny Papuy-Nové Guiney	8 Historie a pomocné historické vědy. Biografické studie	94(9) Dějiny Oceánie, Austrálie, Arktidy a Antarktidy
94(961/968) Dějiny států a oblastí Polynésie a Mikronésie	8 Historie a pomocné historické vědy. Biografické studie	94(9) Dějiny Oceánie, Austrálie, Arktidy a Antarktidy
94(97) Ostrovy Tichého oceánu	8 Historie a pomocné historické vědy. Biografické studie	94(9) Dějiny Oceánie, Austrálie, Arktidy a Antarktidy
94(98/99) Dějiny území Arktidy a Antarktidy	8 Historie a pomocné historické vědy. Biografické studie	94(9) Dějiny Oceánie, Austrálie, Arktidy a Antarktidy
78 Hudba	9 Hudba	78 Hudba
78.01 Muzikologie. Dějiny hudby	9 Hudba	78 Hudba
78.07 Hudebníci, skladatelé a jiná hudební povolání	9 Hudba	78 Hudba
781 Hudební teorie	9 Hudba	78 Hudba
78.011.26 Populární hudba. Populární písně. Populární taneční hudba	9 Hudba	78.011.26 Populární hudba. Populární písně. Populární taneční hudba
78.03 Hudební styly, vlivy, školy	9 Hudba	78.03 Hudební styly, vlivy, školy
780.6 Hudební nástroje a příslušenství	9 Hudba	780.6 Hudební nástroje a příslušenství
782 Divadelní hudba. Opera, opereta, muzikál	9 Hudba	782 Divadelní hudba. Opera, opereta, muzikál
783 Církevní hudba. Duchovní hudba. Náboženská hudba	9 Hudba	783 Církevní hudba. Duchovní hudba. Náboženská hudba
784 Vokální hudba	9 Hudba	784 Vokální hudba
785 Instrumentální hudba. Symfonická hudba. Hudba pro více nástrojů	9 Hudba	785 Instrumentální hudba. Symfonická hudba. Hudba pro více nástrojů
786/789 Hudba pro jednotlivé nástroje	9 Hudba	785 Instrumentální hudba. Symfonická hudba. Hudba pro více nástrojů
786 Hudba pro klávesové nástroje	9 Hudba	785 Instrumentální hudba. Symfonická hudba. Hudba pro více nástrojů
787 Hudba pro strunné a smyčcové nástroje	9 Hudba	785 Instrumentální hudba. Symfonická hudba. Hudba pro více nástrojů
788 Hudba pro dechové nástroje	9 Hudba	785 Instrumentální hudba. Symfonická hudba. Hudba pro více nástrojů
789 Hudba pro bicí nástroje	9 Hudba	785 Instrumentální hudba. Symfonická hudba. Hudba pro více nástrojů
54 Chemie. Mineralogické vědy	10 Chemie. Krystalografie. Mineralogické vědy	54 Chemie. Mineralogické vědy
542 Praktická laboratorní chemie. Preparativní a experimentální chemie	10 Chemie. Krystalografie. Mineralogické vědy	54 Chemie. Mineralogické vědy
543 Analytická chemie	10 Chemie. Krystalografie. Mineralogické vědy	543 Analytická chemie
544 Fyzikální chemie	10 Chemie. Krystalografie. Mineralogické vědy	544 Fyzikální chemie
546 Anorganická chemie	10 Chemie. Krystalografie. Mineralogické vědy	546 Anorganická chemie
547 Organická chemie	10 Chemie. Krystalografie. Mineralogické vědy	547 Organická chemie
548 Krystalografie	10 Chemie. Krystalografie. Mineralogické vědy	548 Krystalografie
003 Systémy psaní a písma. Sémiotika (obecně)	11 Jazyk, lingvistika, literární věda	003 Systémy psaní a písma. Sémiotika (obecně)
80 Filologie	11 Jazyk, lingvistika, literární věda	80 Filologie
808 Literární styl. Literární činnost a technika. Efektivní využívání jazyka. Spisovatelská činnost	11 Jazyk, lingvistika, literární věda	808 Literární styl. Literární činnost a technika. Efektivní využívání jazyka. Spisovatelská činnost
81 Lingvistika. Jazyky	11 Jazyk, lingvistika, literární věda	81 Lingvistika. Jazyky
811.1/.8 Různé jazyky	11 Jazyk, lingvistika, literární věda	811.1/.8 Různé jazyky
811.11 Germánské jazyky	11 Jazyk, lingvistika, literární věda	811.11 Germánské jazyky
811.112 Západogermánské jazyky	11 Jazyk, lingvistika, literární věda	811.11 Germánské jazyky
811.111 Angličtina	11 Jazyk, lingvistika, literární věda	811.11 Germánské jazyky
811.112.2 Němčina	11 Jazyk, lingvistika, literární věda	811.11 Germánské jazyky
811.113 Severogermánské jazyky	11 Jazyk, lingvistika, literární věda	811.11 Germánské jazyky
811.13 Románské jazyky	11 Jazyk, lingvistika, literární věda	811.13 Románské jazyky
811.131 Italo-románské jazyky	11 Jazyk, lingvistika, literární věda	811.13 Románské jazyky
811.133 Galsko-románské jazyky	11 Jazyk, lingvistika, literární věda	811.13 Románské jazyky
811.133.1 Francouzština	11 Jazyk, lingvistika, literární věda	811.13 Románské jazyky
811.134 Iberorománské jazyky	11 Jazyk, lingvistika, literární věda	811.13 Románské jazyky
811.135 Balkánské románské jazyky	11 Jazyk, lingvistika, literární věda	811.13 Románské jazyky
811.111.8 Jazyky pidgin a kreolské jazyky	11 Jazyk, lingvistika, literární věda	811.111.8 Jazyky pidgin a kreolské jazyky
811.124 Latina	11 Jazyk, lingvistika, literární věda	811.124 Latina
811.14 Řečtina	11 Jazyk, lingvistika, literární věda	811.14 Řečtina
811.16 Slovanské jazyky	11 Jazyk, lingvistika, literární věda	811.16 Slovanské jazyky
811.161 Východoslovanské jazyky	11 Jazyk, lingvistika, literární věda	811.16 Slovanské jazyky
811.161.1 Ruština	11 Jazyk, lingvistika, literární věda	811.16 Slovanské jazyky
811.162 Západoslovanské jazyky	11 Jazyk, lingvistika, literární věda	811.16 Slovanské jazyky
811.163 Jihoslovanské jazyky	11 Jazyk, lingvistika, literární věda	811.16 Slovanské jazyky
811.162.3 Čeština	11 Jazyk, lingvistika, literární věda	811.162.3 Čeština
811.17 Baltské jazyky	11 Jazyk, lingvistika, literární věda	811.17 Baltské jazyky
811.18 Albánština	11 Jazyk, lingvistika, literární věda	811.18 Albánština
811.21/.22 Indoíránské jazyky	11 Jazyk, lingvistika, literární věda	811.21/.22 Indoíránské jazyky
811.34 Vymřelé jazyky neznámé klasifikace	11 Jazyk, lingvistika, literární věda	811.34 Vymřelé jazyky neznámé klasifikace
811.35 Kavkazské jazyky	11 Jazyk, lingvistika, literární věda	811.35 Kavkazské jazyky
811.41 Afroasijské (hamitosemitské) jazyky	11 Jazyk, lingvistika, literární věda	811.41 Afroasijské (hamitosemitské) jazyky
811.51 Uraloaltajské jazyky	11 Jazyk, lingvistika, literární věda	811.51 Uraloaltajské jazyky
811.58 Čínské jazyky	11 Jazyk, lingvistika, literární věda	811.58 Čínské jazyky
811.9 Umělé jazyky	11 Jazyk, lingvistika, literární věda	811.9 Umělé jazyky
82 Literatura. Literární život	11 Jazyk, lingvistika, literární věda	82 Literatura. Literární život
82:03 Literární slovníky, encyklopedie. Konkordance	11 Jazyk, lingvistika, literární věda	82 Literatura. Literární život
82:05 Literární revue, časopisy	11 Jazyk, lingvistika, literární věda	82 Literatura. Literární život
82:06 Literární organizace, soutěže	11 Jazyk, lingvistika, literární věda	82 Literatura. Literární život
82:37 Literární výchovné programy	11 Jazyk, lingvistika, literární věda	82 Literatura. Literární život
82-1/-8 Literatura různých forem a žánrů (o ní)	11 Jazyk, lingvistika, literární věda	82-1/-8 Literatura různých forem a žánrů (o ní)
82-31/-34 Milostná, dobrodružná, fantastická próza (o ní)	11 Jazyk, lingvistika, literární věda	82-1/-8 Literatura různých forem a žánrů (o ní)
82-9 Literární kritika, věcná literatura a různé další žánry	11 Jazyk, lingvistika, literární věda	82-9 Literární kritika, věcná literatura a různé další žánry
82-93 Literatura pro děti a mládež (o ní)	11 Jazyk, lingvistika, literární věda	82-9 Literární kritika, věcná literatura a různé další žánry
82-97 Náboženská literatura. Duchovní literatura (o ní)	11 Jazyk, lingvistika, literární věda	82-9 Literární kritika, věcná literatura a různé další žánry
82.0 Literatura (teorie)	11 Jazyk, lingvistika, literární věda	82.0 Literatura (teorie)
821.09 Literatura v různých jazycích (o ní)	11 Jazyk, lingvistika, literární věda	821.09 Literatura v různých jazycích (o ní)
821.11.09 Germánské literatury (o nich)	11 Jazyk, lingvistika, literární věda	821.11.09 Germánské literatury (o nich)
821.111(73).09 Americká literatura (o ní)	11 Jazyk, lingvistika, literární věda	821.11.09 Germánské literatury (o nich)
821.111.09 Anglická literatura, anglicky psaná (o ní)	11 Jazyk, lingvistika, literární věda	821.11.09 Germánské literatury (o nich)
821.112.2.09 Německá literatura, německy psaná (o ní)	11 Jazyk, lingvistika, literární věda	821.11.09 Germánské literatury (o nich)
821.13.09 Románské literatury (o nich)	11 Jazyk, lingvistika, literární věda	821.13.09 Románské literatury (o nich)
821.131.1.09 Italská literatura (o ní)	11 Jazyk, lingvistika, literární věda	821.13.09 Románské literatury (o nich)
821.134.2.09 Španělská literatura, španělsky psaná (o ní)	11 Jazyk, lingvistika, literární věda	821.13.09 Románské literatury (o nich)
821.134.3.09 Portugalská literatura, portugalsky psaná (o ní)	11 Jazyk, lingvistika, literární věda	821.13.09 Románské literatury (o nich)
821.124.09 Latinská literatura, latinsky psaná (o ní)	11 Jazyk, lingvistika, literární věda	821.124.09 Latinská literatura, latinsky psaná (o ní)
821.14.09 Řecká literatura (středověká, novodobá) (o ní)	11 Jazyk, lingvistika, literární věda	821.14.09 Řecká literatura (středověká, novodobá) (o ní)
821.14'02.09 Řecká antická literatura (o ní)	11 Jazyk, lingvistika, literární věda	821.14'02.09 Řecká antická literatura (o ní)
821.16.09 Slovanské literatury (o nich)	11 Jazyk, lingvistika, literární věda	821.16.09 Slovanské literatury (o nich)
821.163.09 Jihoslovanské literatury (o nich)	11 Jazyk, lingvistika, literární věda	821.16.09 Slovanské literatury (o nich)
821.161.09 Východoslovanské literatury (o nich)	11 Jazyk, lingvistika, literární věda	821.16.09 Slovanské literatury (o nich)
821.161.1.09 Ruská literatura (o ní)	11 Jazyk, lingvistika, literární věda	821.16.09 Slovanské literatury (o nich)
821.162.09 Západoslovanské literatury (o nich)	11 Jazyk, lingvistika, literární věda	821.16.09 Slovanské literatury (o nich)
821.162.4.09 Slovenská literatura (o ní)	11 Jazyk, lingvistika, literární věda	821.16.09 Slovanské literatury (o nich)
821.162.1.09 Polská literatura (o ní)	11 Jazyk, lingvistika, literární věda	821.16.09 Slovanské literatury (o nich)
821.163.1.09 Staroslověnská literatura (o ní)	11 Jazyk, lingvistika, literární věda	821.16.09 Slovanské literatury (o nich)
821.162.3.09 Česká literatura (o ní)	11 Jazyk, lingvistika, literární věda	821.162.3.09 Česká literatura (o ní)
821.17.09 Baltské literatury (o nich)	11 Jazyk, lingvistika, literární věda	821.17.09 Baltské literatury (o nich)
821.41.09 Afroasijské (hamitosemitské) literatury (o nich)	11 Jazyk, lingvistika, literární věda	821.41.09 Afroasijské (hamitosemitské) literatury (o nich)
821.432.09 Nigerokonžské literatury (o nich)	11 Jazyk, lingvistika, literární věda	821.432.09 Nigerokonžské literatury (o nich)
821.51.09 Uraloaltajské literatury (o nich)	11 Jazyk, lingvistika, literární věda	821.51.09 Uraloaltajské literatury (o nich)
821.521.09 Japonská literatura (o ní)	11 Jazyk, lingvistika, literární věda	821.521.09 Japonská literatura (o ní)
821.531.09 Korejská literatura (o ní)	11 Jazyk, lingvistika, literární věda	821.531.09 Korejská literatura (o ní)
821.58.09 Sino-tibetské literatury (o nich)	11 Jazyk, lingvistika, literární věda	821.58.09 Sino-tibetské literatury (o nich)
821.62.09 Austronéské literatury (o nich)	11 Jazyk, lingvistika, literární věda	821.62.09 Austronéské literatury (o nich)
821.81/.82.09 Literatury severoamerických Indiánů (o nich)	11 Jazyk, lingvistika, literární věda	821.81/.82.09 Literatury severoamerických Indiánů (o nich)
821.873.09 Literatury andsko-rovníkových jazyků (o nich)	11 Jazyk, lingvistika, literární věda	821.873.09 Literatury andsko-rovníkových jazyků (o nich)
00 Věda. Všeobecnosti. Základy vědy a kultury. Vědecká práce	12 Knihovnictví, informatika, všeobecné, referenční literatura	00 Věda. Všeobecnosti. Základy vědy a kultury. Vědecká práce
08 Souborná díla	12 Knihovnictví, informatika, všeobecné, referenční literatura	00 Věda. Všeobecnosti. Základy vědy a kultury. Vědecká práce
01 Bibliografie. Katalogy	12 Knihovnictví, informatika, všeobecné, referenční literatura	01 Bibliografie. Katalogy
02 Knihovnictví. Informatika	12 Knihovnictví, informatika, všeobecné, referenční literatura	02 Knihovnictví. Informatika
021 Funkce, význam a využívání knihoven	12 Knihovnictví, informatika, všeobecné, referenční literatura	02 Knihovnictví. Informatika
022 Budovy, areály a zařízení knihoven	12 Knihovnictví, informatika, všeobecné, referenční literatura	02 Knihovnictví. Informatika
023 Řízení knihoven	12 Knihovnictví, informatika, všeobecné, referenční literatura	02 Knihovnictví. Informatika
024 Služby knihoven	12 Knihovnictví, informatika, všeobecné, referenční literatura	02 Knihovnictví. Informatika
025 Organizace knihoven a knihovních fondů	12 Knihovnictví, informatika, všeobecné, referenční literatura	02 Knihovnictví. Informatika
025.3/.4 Katalogizace. Selekční jazyky	12 Knihovnictví, informatika, všeobecné, referenční literatura	02 Knihovnictví. Informatika
026 Odborné/speciální knihovny	12 Knihovnictví, informatika, všeobecné, referenční literatura	02 Knihovnictví. Informatika
026/027 Knihovny	12 Knihovnictví, informatika, všeobecné, referenční literatura	02 Knihovnictví. Informatika
027 Univerzální knihovny. Veřejné knihovny. Soukromé knihovny	12 Knihovnictví, informatika, všeobecné, referenční literatura	02 Knihovnictví. Informatika
316.77 Informační věda	12 Knihovnictví, informatika, všeobecné, referenční literatura	02 Knihovnictví. Informatika
028 Čtení. Četba	12 Knihovnictví, informatika, všeobecné, referenční literatura	028 Čtení. Četba
030 Všeobecná příručková díla	12 Knihovnictví, informatika, všeobecné, referenční literatura	030 Všeobecná příručková díla
050 Seriálové publikace. Periodika	12 Knihovnictví, informatika, všeobecné, referenční literatura	050 Seriálové publikace. Periodika
06 Organizace všeobecné povahy	12 Knihovnictví, informatika, všeobecné, referenční literatura	06 Organizace všeobecné povahy
069 Muzea. Muzeologie. Muzejnictví. Výstavy	12 Knihovnictví, informatika, všeobecné, referenční literatura	069 Muzea. Muzeologie. Muzejnictví. Výstavy
070 Noviny. Tisk. Žurnalistika	12 Knihovnictví, informatika, všeobecné, referenční literatura	070 Noviny. Tisk. Žurnalistika
09 Rukopisy, prvotisky, staré tisky. Vzácná a pozoruhodná díla	12 Knihovnictví, informatika, všeobecné, referenční literatura	09 Rukopisy, prvotisky, staré tisky. Vzácná a pozoruhodná díla
093 Prvotisky	12 Knihovnictví, informatika, všeobecné, referenční literatura	09 Rukopisy, prvotisky, staré tisky. Vzácná a pozoruhodná díla
094 Staré tisky	12 Knihovnictví, informatika, všeobecné, referenční literatura	09 Rukopisy, prvotisky, staré tisky. Vzácná a pozoruhodná díla
094.5 Tisky (19. století)	12 Knihovnictví, informatika, všeobecné, referenční literatura	09 Rukopisy, prvotisky, staré tisky. Vzácná a pozoruhodná díla
095/096 Vzácná díla	12 Knihovnictví, informatika, všeobecné, referenční literatura	09 Rukopisy, prvotisky, staré tisky. Vzácná a pozoruhodná díla
655 Polygrafie. Vydavatelství a knižní obchod	12 Knihovnictví, informatika, všeobecné, referenční literatura	655 Polygrafie. Vydavatelství a knižní obchod
51 Matematika	13 Matematika	51 Matematika
510 Obecné úvahy o matematice	13 Matematika	51 Matematika
511 Teorie čísel	13 Matematika	511 Teorie čísel
511.1 Aritmetika	13 Matematika	511.1 Aritmetika
512 Algebra	13 Matematika	512 Algebra
514 Geometrie	13 Matematika	514 Geometrie
515.1 Topologie	13 Matematika	515.1 Topologie
517 Matematická analýza	13 Matematika	517 Matematická analýza
519.1/.8 Kombinatorika. Teorie grafů. Matematická statistika. Operační výzkum. Matematické modelování	13 Matematika	519.1/.8 Kombinatorika. Teorie grafů. Matematická statistika. Operační výzkum. Matematické modelování
61 Lékařské vědy. Lékařství	14 Lékařství	61 Lékařské vědy. Lékařství
616-092 Experimentální medicína	14 Lékařství	61 Lékařské vědy. Lékařství
611 Anatomie člověka a srovnávací anatomie	14 Lékařství	611 Anatomie člověka a srovnávací anatomie
612 Fyziologie člověka a srovnávací fyziologie	14 Lékařství	612 Fyziologie člověka a srovnávací fyziologie
613 Hygiena. Lidské zdraví	14 Lékařství	613 Hygiena. Lidské zdraví
614 Veřejné zdraví a hygiena	14 Lékařství	614 Veřejné zdraví a hygiena
614.8 Úrazy a jejich prevence	14 Lékařství	614 Veřejné zdraví a hygiena
614.84 Požáry. Ochrana před požáry	14 Lékařství	614 Veřejné zdraví a hygiena
615 Farmacie. Farmakologie	14 Lékařství	615 Farmacie. Farmakologie
615.8 Fyzioterapie. Psychoterapie. Alternativní lékařství	14 Lékařství	615.8 Fyzioterapie. Psychoterapie. Alternativní lékařství
616 Patologie. Klinická medicína	14 Lékařství	616 Patologie. Klinická medicína
616-053.2 Pediatrie	14 Lékařství	616-053.2 Pediatrie
616-053.9 Geriatrie	14 Lékařství	616-053.9 Geriatrie
616.31 Stomatologie	14 Lékařství	616.31 Stomatologie
616.89 Psychiatrie	14 Lékařství	616.89 Psychiatrie
617 Ortopedie. Chirurgie. Oftalmologie	14 Lékařství	617 Ortopedie. Chirurgie. Oftalmologie
618 Gynekologie. Porodnictví	14 Lékařství	618 Gynekologie. Porodnictví
32 Politika	15 Politické vědy (Politologie, politika, veřejná správa, vojenství)	32 Politika
322 Politika a náboženství. Vztahy mezi církví a státem	15 Politické vědy (Politologie, politika, veřejná správa, vojenství)	32 Politika
321 Politologie	15 Politické vědy (Politologie, politika, veřejná správa, vojenství)	32 Politika
Vnitřní politika	15 Politické vědy (Politologie, politika, veřejná správa, vojenství)	Vnitřní politika
323 Vnitropolitický vývoj, politický život	15 Politické vědy (Politologie, politika, veřejná správa, vojenství)	Vnitřní politika
324 Volby, volební kampaně, referenda	15 Politické vědy (Politologie, politika, veřejná správa, vojenství)	Vnitřní politika
328 Zastupitelské orgány. Vlády. Politické systémy jednotlivých zemí	15 Politické vědy (Politologie, politika, veřejná správa, vojenství)	Vnitřní politika
329 Politické strany a hnutí	15 Politické vědy (Politologie, politika, veřejná správa, vojenství)	Vnitřní politika
Světová politika	15 Politické vědy (Politologie, politika, veřejná správa, vojenství)	Světová politika
325 Mezinárodní migrace, exil, kolonizace	15 Politické vědy (Politologie, politika, veřejná správa, vojenství)	Světová politika
327 Mezinárodní vztahy, světová politika	15 Politické vědy (Politologie, politika, veřejná správa, vojenství)	Světová politika
35 Veřejná správa	15 Politické vědy (Politologie, politika, veřejná správa, vojenství)	35 Veřejná správa
35.07 Organizace a řízení veřejné správy	15 Politické vědy (Politologie, politika, veřejná správa, vojenství)	35 Veřejná správa
351 Úkoly veřejné správy, správní opatření, legislativa	15 Politické vědy (Politologie, politika, veřejná správa, vojenství)	35 Veřejná správa
352/354 Stupně místní, oblastní a ústřední správy	15 Politické vědy (Politologie, politika, veřejná správa, vojenství)	35 Veřejná správa
355/359 Vojenství. Obrana země. Ozbrojené síly	15 Politické vědy (Politologie, politika, veřejná správa, vojenství)	355/359 Vojenství. Obrana země. Ozbrojené síly
356 Vojenská služba. Pěchota	15 Politické vědy (Politologie, politika, veřejná správa, vojenství)	355/359 Vojenství. Obrana země. Ozbrojené síly
357 Motorizované jednotky. Jezdectvo	15 Politické vědy (Politologie, politika, veřejná správa, vojenství)	355/359 Vojenství. Obrana země. Ozbrojené síly
358 Vojenské letectvo. Dělostřelectvo. Ženijní jednotky. Technické služby armády. Chemické vojsko	15 Politické vědy (Politologie, politika, veřejná správa, vojenství)	355/359 Vojenství. Obrana země. Ozbrojené síly
359 Vojenské námořnictvo a loďstvo	15 Politické vědy (Politologie, politika, veřejná správa, vojenství)	355/359 Vojenství. Obrana země. Ozbrojené síly
34 Právo	16 Právo	34 Právo
341 Mezinárodní právo	16 Právo	341 Mezinárodní právo
342 Ústavní právo. Správní právo	16 Právo	342 Ústavní právo. Správní právo
342.53 Zákonodárství	16 Právo	342 Ústavní právo. Správní právo
343 Trestní právo	16 Právo	343 Trestní právo
343.9 Kriminalistika	16 Právo	343 Trestní právo
344 Vojenské trestní právo	16 Právo	344 Vojenské trestní právo
346 Hospodářské právo	16 Právo	346 Hospodářské právo
347 Soukromé právo	16 Právo	347 Soukromé právo
347.7 Obchodní právo. Finanční právo. Právo průmyslového vlastnictví. Patentové právo. Autorské právo	16 Právo	347 Soukromé právo
347.9 Občanské soudní řízení. Soudnictví	16 Právo	347.9 Občanské soudní řízení. Soudnictví
349 Pracovní, sociální, stavební právo. Právo životního prostředí	16 Právo	349 Pracovní, sociální, stavební právo. Právo životního prostředí
133 Ezoterismus. Okultismus	17 Psychologie	133 Ezoterismus. Okultismus
159.9 Psychologie	17 Psychologie	159.9 Psychologie
159.92 Vývojová psychologie. Individuální psychologie	17 Psychologie	159.9 Psychologie
159.929 Srovnávací psychologie	17 Psychologie	159.9 Psychologie
159.93/.94 Senzorické a motorické funkce. Emoce. Vůle	17 Psychologie	159.9 Psychologie
159.95 Vyšší duševní procesy	17 Psychologie	159.9 Psychologie
159.96 Zvláštní duševní stavy a procesy. Hlubinná psychologie	17 Psychologie	159.9 Psychologie
159.97 Psychopatologie	17 Psychologie	159.97 Psychopatologie
159.98 Aplikovaná psychologie	17 Psychologie	159.98 Aplikovaná psychologie
061.2 Nevládní organizace a kooperace	18 Sociologie	061.2 Nevládní organizace a kooperace
3 Společenské vědy	18 Sociologie	3 Společenské vědy
308 Sociografie	18 Sociologie	308 Sociografie
314 Demografie. Populace	18 Sociologie	314 Demografie. Populace
316 Sociologie	18 Sociologie	316 Sociologie
316.3 Globální společnosti. Sociální struktura. Sociální skupiny	18 Sociologie	316 Sociologie
316.33 Ekonomická sociologie. Sociologie institucí, lidských sídel a komunit	18 Sociologie	316 Sociologie
316.4 Sociální procesy	18 Sociologie	316.4 Sociální procesy
316.4/.7 Sociální interakce. Sociální komunikace	18 Sociologie	316.4/.7 Sociální interakce. Sociální komunikace
316.36 Manželství a rodina. Sexuální vztahy	18 Sociologie	316.36 Manželství a rodina. Sexuální vztahy
326 Otroctví	18 Sociologie	326 Otroctví
343.8 Vězeňství	18 Sociologie	343.8 Vězeňství
343.97 Kriminologie	18 Sociologie	343.97 Kriminologie
36 Zajištění duševních a materiálních potřeb	18 Sociologie	36 Zajištění duševních a materiálních potřeb
364 Sociální problémy vyžadující podporu a pomoc. Sociální zabezpečení	18 Sociologie	36 Zajištění duševních a materiálních potřeb
364-1/-7 Druhy sociální pomoci a služeb	18 Sociologie	36 Zajištění duševních a materiálních potřeb
364.3 Sociální pojištění. Zdravotní pojištění. Důchody	18 Sociologie	36 Zajištění duševních a materiálních potřeb
365 Požadavky na bydlení a jejich uspokojování	18 Sociologie	365 Požadavky na bydlení a jejich uspokojování
366 Ochrana spotřebitele. Chování spotřebitele	18 Sociologie	366 Ochrana spotřebitele. Chování spotřebitele
649 Domácí péče o děti, nemocné a hosty	18 Sociologie	649 Domácí péče o děti, nemocné a hosty
62 Technika všeobecně	19 Technika	62 Technika všeobecně
620.1/.2 Nauka o materiálu	19 Technika	62 Technika všeobecně
621.039 Jaderná technika	19 Technika	62 Technika všeobecně
620.9 Energetika	19 Technika	620.9 Energetika
621 Strojírenství	19 Technika	621 Strojírenství
621.3 Elektrotechnika	19 Technika	621.3 Elektrotechnika
621.38 Elektronika	19 Technika	621.3 Elektrotechnika
621.39 Sdělovací technika	19 Technika	621.3 Elektrotechnika
622 Hornictví	19 Technika	622 Hornictví
623 Vojenská technika	19 Technika	623 Vojenská technika
624 Stavební inženýrství	19 Technika	624 Stavební inženýrství
625 Pozemní komunikace. Železniční stavitelství	19 Technika	624 Stavební inženýrství
626/627 Vodní stavitelství. Vodní hospodářství	19 Technika	626/627 Vodní stavitelství. Vodní hospodářství
628 Sanitární technika. Vodárenství. Odpadové hospodářství. Světelná technika	19 Technika	628 Sanitární technika. Vodárenství. Odpadové hospodářství. Světelná technika
629 Dopravní prostředky	19 Technika	629 Dopravní prostředky
629.056.2 Astronomická navigace	19 Technika	629 Dopravní prostředky
64 Domácí hospodářství	19 Technika	64 Domácí hospodářství
641 Kuchařství. Potraviny. Vařená jídla	19 Technika	64 Domácí hospodářství
642 Číšnictví. Servírování	19 Technika	64 Domácí hospodářství
643 Byt. Místnosti. Vybavení bytu	19 Technika	64 Domácí hospodářství
644 Bytové zařízení (sanitární)	19 Technika	64 Domácí hospodářství
645 Nábytek	19 Technika	64 Domácí hospodářství
646 Odívání. Péče o tělo	19 Technika	64 Domácí hospodářství
64-051 Domácí personál	19 Technika	64 Domácí hospodářství
648 Praní. Čištění	19 Technika	64 Domácí hospodářství
640.4 Hotelnictví. Stravování	19 Technika	640.4 Hotelnictví. Stravování
664 Potravinářský průmysl	19 Technika	664 Potravinářský průmysl
663 Průmysl nápojů. Kvasný průmysl. Průmysl pochutin	19 Technika	664 Potravinářský průmysl
666 Sklářství. Keramika. Cement	19 Technika	666 Sklářství. Keramika. Cement
669 Metalurgie	19 Technika	669 Metalurgie
66 Chemický průmysl. Chemická technologie	19 Technika	66 Chemický průmysl. Chemická technologie
661 Chemikálie	19 Technika	66 Chemický průmysl. Chemická technologie
662 Výbušniny. Paliva	19 Technika	66 Chemický průmysl. Chemická technologie
665 Oleje. Tuky. Vosky. Pojiva. Pryskyřice	19 Technika	66 Chemický průmysl. Chemická technologie
667 Průmysl barviv	19 Technika	66 Chemický průmysl. Chemická technologie
674 Dřevo. Dřevařský průmysl	19 Technika	674 Dřevo. Dřevařský průmysl
676 Papírenský průmysl	19 Technika	676 Papírenský průmysl
677 Textilní průmysl	19 Technika	677 Textilní průmysl
678 Průmysl makromolekulárních látek. Gumárenský průmysl. Průmysl plastů	19 Technika	678 Průmysl makromolekulárních látek. Gumárenský průmysl. Průmysl plastů
681.5 Automatizační a řídicí technika	19 Technika	681.5 Automatizační a řídicí technika
687 Oděvní průmysl. Kosmetika. Kadeřnictví. Péče o vzhled	19 Technika	687 Oděvní průmysl. Kosmetika. Kadeřnictví. Péče o vzhled
67/68 Řemesla. Různá odvětví průmyslu	19 Technika	67/68 Řemesla. Různá odvětví průmyslu
671 Předměty z drahých kovů	19 Technika	67/68 Řemesla. Různá odvětví průmyslu
672 Předměty ze železa a oceli	19 Technika	67/68 Řemesla. Různá odvětví průmyslu
673 Předměty z neželezných kovů	19 Technika	67/68 Řemesla. Různá odvětví průmyslu
675 Kožedělný průmysl	19 Technika	67/68 Řemesla. Různá odvětví průmyslu
679 Výroba kabelů, provazů a lan. Průmysl kamene	19 Technika	67/68 Řemesla. Různá odvětví průmyslu
681 Přesná mechanika a přístroje	19 Technika	67/68 Řemesla. Různá odvětví průmyslu
682 Kovářství	19 Technika	67/68 Řemesla. Různá odvětví průmyslu
683 Železářství. Zámečnictví. Topná zařízení	19 Technika	67/68 Řemesla. Různá odvětví průmyslu
684 Nábytkářský průmysl	19 Technika	67/68 Řemesla. Různá odvětví průmyslu
685 Zpracování kůže. Obuvnictví	19 Technika	67/68 Řemesla. Různá odvětví průmyslu
686 Knihařství. Sklenářství. Kancelářské potřeby	19 Technika	67/68 Řemesla. Různá odvětví průmyslu
688 Dekorační předměty. Hračky. Galanterie	19 Technika	67/68 Řemesla. Různá odvětví průmyslu
69 Stavebnictví	19 Technika	69 Stavebnictví
691 Stavební hmoty	19 Technika	69 Stavebnictví
692 Konstrukční prvky a části staveb	19 Technika	69 Stavebnictví
693 Zednické práce	19 Technika	69 Stavebnictví
694 Dřevěné stavby. Tesařství. Truhlářství	19 Technika	69 Stavebnictví
696 Instalace v budovách	19 Technika	69 Stavebnictví
697 Vytápění, větrání, klimatizace	19 Technika	69 Stavebnictví
698 Dokončovací práce	19 Technika	69 Stavebnictví
699.8 Ochrana budov	19 Technika	69 Stavebnictví
79 Rekreace. Volný čas. Zábava. Hry. Sport	20 Tělesná výchova a sport. Rekreace	79 Rekreace. Volný čas. Zábava. Hry. Sport
613.7 Zdraví a hygiena volného času, rekreace a spánku	20 Tělesná výchova a sport. Rekreace	79 Rekreace. Volný čas. Zábava. Hry. Sport
793 Společenská zábava	20 Tělesná výchova a sport. Rekreace	793 Společenská zábava
794 Deskové a stolní hry, logické hry, hry zručnosti	20 Tělesná výchova a sport. Rekreace	794 Deskové a stolní hry, logické hry, hry zručnosti
794.9 Hry závislé na náhodě	20 Tělesná výchova a sport. Rekreace	794 Deskové a stolní hry, logické hry, hry zručnosti
796 Sport. Hry. Tělesná cvičení	20 Tělesná výchova a sport. Rekreace	796 Sport. Hry. Tělesná cvičení
797 Vodní sporty. Letecké sporty	20 Tělesná výchova a sport. Rekreace	797 Vodní sporty. Letecké sporty
798 Jezdectví. Sporty se zvířaty	20 Tělesná výchova a sport. Rekreace	798 Jezdectví. Sporty se zvířaty
799 Sportovní rybolov. Lovecký sport. Sportovní střelba	20 Tělesná výchova a sport. Rekreace	799 Sportovní rybolov. Lovecký sport. Sportovní střelba
71 Územní plánování. Urbanismus. Památková péče	21 Umění, architektura	71 Územní plánování. Urbanismus. Památková péče
72/76 Výtvarné umění	21 Umění, architektura	72/76 Výtvarné umění
7.01/.09 Umění	21 Umění, architektura	72/76 Výtvarné umění
72 Architektura	21 Umění, architektura	72/76 Výtvarné umění
73 Sochařství, keramika, porcelán, umělecké zpracování kovů	21 Umění, architektura	72/76 Výtvarné umění
74 Kresba. Umělecká řemesla	21 Umění, architektura	72/76 Výtvarné umění
75 Malířství	21 Umění, architektura	72/76 Výtvarné umění
76 Grafické umění. Grafika	21 Umění, architektura	72/76 Výtvarné umění
77 Fotografie. Fotografické postupy	21 Umění, architektura	77 Fotografie. Fotografické postupy
37 Výchova a vzdělávání	22 Výchova a vzdělávání	37 Výchova a vzdělávání
37.014 Vzdělávací a výchovná politika	22 Výchova a vzdělávání	37 Výchova a vzdělávání
37.016 Učební osnovy. Vyučovací předměty. Učebnice	22 Výchova a vzdělávání	37 Výchova a vzdělávání
37.09 Organizace výuky a vzdělávání	22 Výchova a vzdělávání	37 Výchova a vzdělávání
373.2/.3 Předškolní a primární výchova a vzdělávání	22 Výchova a vzdělávání	373.2/.3 Předškolní a primární výchova a vzdělávání
373.5 Střední školy	22 Výchova a vzdělávání	373.5 Střední školy
374 Výchova a vzdělávání dospělých. Mimoškolní výchova a vzdělávání	22 Výchova a vzdělávání	374 Výchova a vzdělávání dospělých. Mimoškolní výchova a vzdělávání
376 Výchova a vzdělávání zvláštních skupin osob	22 Výchova a vzdělávání	376 Výchova a vzdělávání zvláštních skupin osob
377 Odborné vzdělávání	22 Výchova a vzdělávání	377 Odborné vzdělávání
378 Vysoké školy	22 Výchova a vzdělávání	378 Vysoké školy
004 Počítačová věda. Výpočetní technika. Informační technologie	23 Výpočetní technika	004 Počítačová věda. Výpočetní technika. Informační technologie
004.2 Počítačová architektura	23 Výpočetní technika	004.2 Počítačová architektura
004.3 Počítače. Hardware	23 Výpočetní technika	004.3 Počítače. Hardware
004.4/.6 Programování. Software	23 Výpočetní technika	004.4/.6 Programování. Software
004.7 Počítačové sítě	23 Výpočetní technika	004.7 Počítačové sítě
004.8 Umělá inteligence	23 Výpočetní technika	004.8 Umělá inteligence
004.9 Speciální počítačové metody. Počítačová grafika	23 Výpočetní technika	004.9 Speciální počítačové metody. Počítačová grafika
007 Teorie systémů. Automatické systémy. Informační systémy. Kybernetika	23 Výpočetní technika	007 Teorie systémů. Automatické systémy. Informační systémy. Kybernetika
63 Zemědělství a příbuzné oblasti vědy a techniky	24 Zemědělství	63 Zemědělství a příbuzné oblasti vědy a techniky
631 Zemědělství. Pedologie. Agrotechnika. Agroekologie	24 Zemědělství	63 Zemědělství a příbuzné oblasti vědy a techniky
632 Ochrana rostlin. Fytopatologie	24 Zemědělství	63 Zemědělství a příbuzné oblasti vědy a techniky
630 Lesnictví	24 Zemědělství	630 Lesnictví
633 Rostlinná výroba	24 Zemědělství	633 Rostlinná výroba
634 Ovocnářství	24 Zemědělství	634 Ovocnářství
635 Zahrádkářství	24 Zemědělství	635 Zahrádkářství
636 Chov zvířat. Živočišná výroba	24 Zemědělství	636 Chov zvířat. Živočišná výroba
636.09 Veterinární lékařství	24 Zemědělství	636.09 Veterinární lékařství
637 Živočišné produkty	24 Zemědělství	637 Živočišné produkty
638 Včelařství	24 Zemědělství	638 Včelařství
639.1 Myslivost	24 Zemědělství	639.1 Myslivost
639.2/.6 Rybářství	24 Zemědělství	639.2/.6 Rybářství
712 Plánování krajiny. Parky. Zahrady	24 Zemědělství	712 Plánování krajiny. Parky. Zahrady
821-1/-8 Literatura různých forem a žánrů	25 Beletrie	821-1/-8 Literatura různých forem a žánrů
821-97 Náboženská literatura. Duchovní literatura	25 Beletrie	821-97 Náboženská literatura. Duchovní literatura
821-31/-34 Milostná, dobrodružná, fantastická próza	25 Beletrie	821-31/-34 Milostná, dobrodružná, fantastická próza
821 Literatura v různých jazycích	25 Beletrie	821 Literatura v různých jazycích
821.11 Germánské literatury	25 Beletrie	821.11 Germánské literatury
821.111 Anglická literatura, anglicky psaná	25 Beletrie	821.111 Anglická literatura, anglicky psaná
821.111-1 Anglická poezie, anglicky psaná	25 Beletrie	821.111 Anglická literatura, anglicky psaná
821.111-2 Anglické drama, anglicky psané	25 Beletrie	821.111 Anglická literatura, anglicky psaná
821.111-3 Anglická próza, anglicky psaná	25 Beletrie	821.111 Anglická literatura, anglicky psaná
821.111(73) Americká literatura	25 Beletrie	821.111(73) Americká literatura
821.111(73)-1 Americká poezie	25 Beletrie	821.111(73) Americká literatura
821.111(73)-2 Americké drama	25 Beletrie	821.111(73) Americká literatura
821.111(73)-3 Americká próza	25 Beletrie	821.111(73) Americká literatura
821.112.2 Německá literatura, německy psaná	25 Beletrie	821.112.2 Německá literatura, německy psaná
821.112.2-1 Německá poezie, německy psaná	25 Beletrie	821.112.2 Německá literatura, německy psaná
821.112.2-2 Německé drama, německy psané	25 Beletrie	821.112.2 Německá literatura, německy psaná
821.112.2-3 Německá próza, německy psaná	25 Beletrie	821.112.2 Německá literatura, německy psaná
821.124 Latinská literatura, latinsky psaná	25 Beletrie	821.124 Latinská literatura, latinsky psaná
821.124-1 Latinská poezie, latinsky psaná	25 Beletrie	821.124 Latinská literatura, latinsky psaná
821.124-2 Latinské drama, latinsky psané	25 Beletrie	821.124 Latinská literatura, latinsky psaná
821.124-3 Latinská próza, latinsky psaná	25 Beletrie	821.124 Latinská literatura, latinsky psaná
821.13 Románské literatury	25 Beletrie	821.13 Románské literatury
821.131.1 Italská literatura	25 Beletrie	821.131.1 Italská literatura
821.131.1-1 Italská poezie	25 Beletrie	821.131.1 Italská literatura
821.131.1-2 Italské drama	25 Beletrie	821.131.1 Italská literatura
821.131.1-3 Italská próza	25 Beletrie	821.131.1 Italská literatura
821.133.1 Francouzská literatura, francouzsky psaná	25 Beletrie	821.133.1 Francouzská literatura, francouzsky psaná
821.133.1-1 Francouzská poezie, francouzsky psaná	25 Beletrie	821.133.1 Francouzská literatura, francouzsky psaná
821.133.1-2 Francouzské drama, francouzsky psané	25 Beletrie	821.133.1 Francouzská literatura, francouzsky psaná
821.133.1-3 Francouzská próza, francouzsky psaná	25 Beletrie	821.133.1 Francouzská literatura, francouzsky psaná
821.134.2 Španělská literatura, španělsky psaná	25 Beletrie	821.134.2 Španělská literatura, španělsky psaná
821.134.2-1 Španělská poezie, španělsky psaná	25 Beletrie	821.134.2 Španělská literatura, španělsky psaná
821.134.2-2 Španělské drama, španělsky psané	25 Beletrie	821.134.2 Španělská literatura, španělsky psaná
821.134.2-3 Španělská próza, španělsky psaná	25 Beletrie	821.134.2 Španělská literatura, španělsky psaná
821.134.3 Portugalská literatura, portugalsky psaná	25 Beletrie	821.134.3 Portugalská literatura, portugalsky psaná
821.14'02 Řecká antická literatura	25 Beletrie	821.14'02 Řecká antická literatura
821.14'02-1 Řecká antická poezie	25 Beletrie	821.14'02 Řecká antická literatura
821.14'02-2 Řecké antické drama	25 Beletrie	821.14'02 Řecká antická literatura
821.14'02-3 Řecká antická próza	25 Beletrie	821.14'02 Řecká antická literatura
821.14 Řecká literatura (středověká, novodobá)	25 Beletrie	821.14 Řecká literatura (středověká, novodobá)
821.16 Slovanské literatury	25 Beletrie	821.16 Slovanské literatury
821.161 Východoslovanské literatury	25 Beletrie	821.16 Slovanské literatury
821.161.1 Ruská literatura	25 Beletrie	821.16 Slovanské literatury
821.162 Západoslovanské literatury	25 Beletrie	821.16 Slovanské literatury
821.162.1 Polská literatura	25 Beletrie	821.16 Slovanské literatury
821.162.4 Slovenská literatura	25 Beletrie	821.16 Slovanské literatury
821.163 Jihoslovanské literatury	25 Beletrie	821.16 Slovanské literatury
821.163.1 Staroslověnská literatura	25 Beletrie	821.16 Slovanské literatury
821.162.3 Česká literatura	25 Beletrie	821.162.3 Česká literatura
821.162.3-1 Česká poezie	25 Beletrie	821.162.3 Česká literatura
821.162.3-2 České drama	25 Beletrie	821.162.3 Česká literatura
821.162.3-3 Česká próza	25 Beletrie	821.162.3 Česká literatura
821.17 Baltské literatury	25 Beletrie	821.17 Baltské literatury
821.41 Afroasijské (hamitosemitské) literatury	25 Beletrie	821.41 Afroasijské (hamitosemitské) literatury
821.432 Nigerokonžské literatury	25 Beletrie	821.432 Nigerokonžské literatury
821.51 Uraloaltajské literatury	25 Beletrie	821.51 Uraloaltajské literatury
821.521 Japonská literatura	25 Beletrie	821.521 Japonská literatura
821.531 Korejská literatura	25 Beletrie	821.531 Korejská literatura
821.58 Sino-tibetské literatury	25 Beletrie	821.58 Sino-tibetské literatury
821.62 Austronéské literatury	25 Beletrie	821.62 Austronéské literatury
821.81/.82 Literatury severoamerických Indiánů	25 Beletrie	821.81/.82 Literatury severoamerických Indiánů
821.873 Literatury andsko-rovníkových jazyků	25 Beletrie	821.873 Literatury andsko-rovníkových jazyků
821-93 Literatura pro děti a mládež (beletrie)	26 Literatura pro děti a mládež	821-93 Literatura pro děti a mládež (beletrie)
0/9-053.2 Literatura pro děti a mládež (naučná)	26 Literatura pro děti a mládež	0/9-053.2 Literatura pro děti a mládež (naučná)